name,pur_date,pur_price,descriptions,depre_start_date,residual_value,depre_method,depre_rate,asset_ac_name,depre_ac_name,disp_fund_ac_name,depre_interval,cume_depre,NBV,,
Air Conditioner No. 1,1977-01-01,730,,1977-01-01,0,Straight-Line,0.1,Office Equipment,Depreciation,Office Equipment,Yearly,730,0,,
Air Conditioner No. 2,1993-01-01,2000,,1993-01-01,0,Straight-Line,0.1,Office Equipment,Depreciation,Office Equipment,Yearly,2000,0,,
Air Conditioner No. 3,1993-01-01,3300,,1993-01-01,0,Straight-Line,0.1,Office Equipment,Depreciation,Office Equipment,Yearly,3300,0,,
Air Conditioner No. 4,1999-01-01,3800,,1999-01-01,0,Straight-Line,0.1,Office Equipment,Depreciation,Office Equipment,Yearly,3800,0,,
Air Conditioner No. 5,1999-01-01,3100,,1999-01-01,0,Straight-Line,0.1,Office Equipment,Depreciation,Office Equipment,Yearly,3100,0,,
Air Conditioner No. 6,2000-01-01,3700,,2000-01-01,0,Straight-Line,0.1,Office Equipment,Depreciation,Office Equipment,Yearly,3700,0,,
Air Conditioner No. 7,2002-01-01,4080,,2002-01-01,0,Straight-Line,0.1,Office Equipment,Depreciation,Office Equipment,Yearly,4080,0,,
Air Conditioner No. 8,2006-01-01,2950,,2006-01-01,0,Straight-Line,0.1,Office Equipment,Depreciation,Office Equipment,Yearly,2950,0,,
Air Conditioner No. 9,2007-01-01,2450,,2007-01-01,0,Straight-Line,0.1,Office Equipment,Depreciation,Office Equipment,Yearly,2450,0,,
Alcatel Handphone 012-5127961,2001-01-01,550,,2001-01-01,0,Straight-Line,0.1,Handphone,Depreciation,Handphone,Yearly,550,0,,
Alcatel Handphone 012-5150266,1999-01-01,850,,1999-01-01,0,Straight-Line,0.1,Handphone,Depreciation,Handphone,Yearly,850,0,,
Alcatel Handphone 012-5150277,1999-01-01,850,,1999-01-01,0,Straight-Line,0.1,Handphone,Depreciation,Handphone,Yearly,850,0,,
Atc Air Refrigerator & Dryer,2002-01-01,3100,,2002-01-01,0,Straight-Line,0.1,Farming Equipment,Depreciation,Farming Equipment,Yearly,3100,0,,
Automatic Egg Collection Machine - Yr1993,1993-01-01,66501,,1993-01-01,0,Straight-Line,0.1,Plant & Machinery,Depreciation,Plant & Machinery,Yearly,66501,0,,
Automatic Egg Collection Machine - Yr1994,1994-01-01,2700,,1994-01-01,0,Straight-Line,0.1,Plant & Machinery,Depreciation,Plant & Machinery,Yearly,2700,0,,
Brother Laser Fax 7340,2009-01-01,809,,2009-01-01,0,Straight-Line,0.1,Office Equipment,Depreciation,Office Equipment,Yearly,809,0,,
Bulk Feed Storage And Loadout System,1983-01-01,20854.39,,1983-01-01,0,Straight-Line,0.1,Factory Equipment,Depreciation,Factory Equipment,Yearly,20854.39,0,,
Computer No. 1 - Yr2000,2000-01-01,8440,,2000-01-01,0,Straight-Line,0.2,Computers,Depreciation,Computers,Yearly,8440,0,,
Computer No. 1 - Yr2007,2007-01-01,2300,,2007-01-01,0,Straight-Line,0.2,Computers,Depreciation,Computers,Yearly,2300,0,,
Computer No. 1 - Yr2015,2015-01-01,2546.23,,2015-01-01,0,Straight-Line,0.2,Computers,Depreciation,Computers,Yearly,2546.23,0,,
Computer No. 2 - Yr2000,2000-01-01,3440,,2000-01-01,0,Straight-Line,0.2,Computers,Depreciation,Computers,Yearly,3440,0,,
Computer No. 2 - Yr2001,2001-01-01,1380,,2001-01-01,0,Straight-Line,0.2,Computers,Depreciation,Computers,Yearly,1380,0,,
Computer No. 2 - Yr2007,2007-01-01,620,,2007-01-01,0,Straight-Line,0.2,Computers,Depreciation,Computers,Yearly,620,0,,
Computer No. 2 - Yr2008,2008-01-01,329,,2008-01-01,0,Straight-Line,0.2,Computers,Depreciation,Computers,Yearly,329,0,,
Computer No. 2 - Yr2009,2009-01-01,1680,,2009-01-01,0,Straight-Line,0.2,Computers,Depreciation,Computers,Yearly,1680,0,,
Computer No. 2 - Yr2012,2012-01-01,879,,2012-01-01,0,Straight-Line,0.2,Computers,Depreciation,Computers,Yearly,879,0,,
Electric Fan - Yr1993,1993-01-01,395,,1993-01-01,0,Straight-Line,0.1,Office Equipment,Depreciation,Office Equipment,Yearly,395,0,,
Electric Fan - Yr1994,1994-01-01,700,,1994-01-01,0,Straight-Line,0.1,Office Equipment,Depreciation,Office Equipment,Yearly,700,0,,
Electric Fan - Yr1995,1995-01-01,160,,1995-01-01,0,Straight-Line,0.1,Office Equipment,Depreciation,Office Equipment,Yearly,160,0,,
Electric Fan - Yr1998,1998-01-01,2000,,1998-01-01,0,Straight-Line,0.1,Office Equipment,Depreciation,Office Equipment,Yearly,2000,0,,
Electric Fan - Yr1999,1999-01-01,1680,,1999-01-01,0,Straight-Line,0.1,Office Equipment,Depreciation,Office Equipment,Yearly,1680,0,,
Electrical Calculator,1977-01-01,409,,1977-01-01,0,Straight-Line,0.1,Office Equipment,Depreciation,Office Equipment,Yearly,409,0,,
Electrical Installation - Yr1994,1994-01-01,180804,,1994-01-01,0,Straight-Line,0.1,Electrical Installation,Depreciation,Electrical Installation,Yearly,180804,0,,
Electrical Installation - Yr1995,1995-01-01,30643,,1995-01-01,0,Straight-Line,0.1,Electrical Installation,Depreciation,Electrical Installation,Yearly,30643,0,,
Electrical Installation - Yr1996,1996-01-01,31564,,1996-01-01,0,Straight-Line,0.1,Electrical Installation,Depreciation,Electrical Installation,Yearly,31564,0,,
Electrical Installation - Yr1997,1997-01-01,34898,,1997-01-01,0,Straight-Line,0.1,Electrical Installation,Depreciation,Electrical Installation,Yearly,34898,0,,
Electrical Installation - Yr1998,1998-01-01,45815.2,,1998-01-01,0,Straight-Line,0.1,Electrical Installation,Depreciation,Electrical Installation,Yearly,45815.2,0,,
Electrical Installation - Yr2001,2001-01-01,7705,,2001-01-01,0,Straight-Line,0.1,Electrical Installation,Depreciation,Electrical Installation,Yearly,7705,0,,
Electrical Installation - Yr2002,2002-01-01,78140,,2002-01-01,0,Straight-Line,0.1,Electrical Installation,Depreciation,Electrical Installation,Yearly,78140,0,,
Electrical Installation - Yr2003,2003-01-01,5830,,2003-01-01,0,Straight-Line,0.1,Electrical Installation,Depreciation,Electrical Installation,Yearly,5830,0,,
Electrical Installation - Yr2004,2004-01-01,13550,,2004-01-01,0,Straight-Line,0.1,Electrical Installation,Depreciation,Electrical Installation,Yearly,13550,0,,
Electrical Installation - Yr2005,2005-01-01,8327,,2005-01-01,0,Straight-Line,0.1,Electrical Installation,Depreciation,Electrical Installation,Yearly,8327,0,,
Electrical Installation - Yr2006,2006-01-01,2259,,2006-01-01,0,Straight-Line,0.1,Electrical Installation,Depreciation,Electrical Installation,Yearly,2259,0,,
Electrical Installation - Yr2008,2008-01-01,12200,,2008-01-01,0,Straight-Line,0.1,Electrical Installation,Depreciation,Electrical Installation,Yearly,12200,0,,
Electrical Installation - Yr2010,2010-01-01,8380,,2010-01-01,0,Straight-Line,0.1,Electrical Installation,Depreciation,Electrical Installation,Yearly,8380,0,,
Electrical Installation - Yr2011,2011-01-01,68877,,2011-01-01,0,Straight-Line,0.1,Electrical Installation,Depreciation,Electrical Installation,Yearly,68877,0,,
Electrical Motor Equipment - Yr1977,1977-01-01,22206.4,,1977-01-01,0,Straight-Line,0.1,Electric Motor & Equipment,Depreciation,Electric Motor & Equipment,Yearly,22206.4,0,,
Electrical Motor Equipment - Yr1978,1978-01-01,25677,,1978-01-01,0,Straight-Line,0.1,Electric Motor & Equipment,Depreciation,Electric Motor & Equipment,Yearly,25677,0,,
Electrical Motor Equipment - Yr1980,1980-01-01,2450,,1980-01-01,0,Straight-Line,0.1,Electric Motor & Equipment,Depreciation,Electric Motor & Equipment,Yearly,2450,0,,
Electrical Motor Equipment - Yr1983,1983-01-01,282,,1983-01-01,0,Straight-Line,0.1,Electric Motor & Equipment,Depreciation,Electric Motor & Equipment,Yearly,282,0,,
Electrical Motor Equipment - Yr1984,1984-01-01,437.5,,1984-01-01,0,Straight-Line,0.1,Electric Motor & Equipment,Depreciation,Electric Motor & Equipment,Yearly,437.5,0,,
Electrical Motor Equipment - Yr1993,1993-01-01,5267.5,,1993-01-01,0,Straight-Line,0.1,Electric Motor & Equipment,Depreciation,Electric Motor & Equipment,Yearly,5267.5,0,,
Electronic Pig Scale,2001-01-01,5200,,2001-01-01,0,Straight-Line,0.1,Farming Equipment,Depreciation,Farming Equipment,Yearly,5200,0,,
Electronic Weighbridge,1993-01-01,47000,,1993-01-01,0,Straight-Line,0.1,Plant & Machinery,Depreciation,Plant & Machinery,Yearly,47000,0,,
Equipment - Yr1977,1977-01-01,1310.4,,1977-01-01,0,Straight-Line,0.1,Factory Equipment,Depreciation,Factory Equipment,Yearly,1310.4,0,,
Equipment - Yr1979,1979-01-01,340,,1979-01-01,0,Straight-Line,0.1,Factory Equipment,Depreciation,Factory Equipment,Yearly,340,0,,
Equipment - Yr1980,1980-01-01,1586,,1980-01-01,0,Straight-Line,0.1,Factory Equipment,Depreciation,Factory Equipment,Yearly,1586,0,,
Equipment - Yr1981,1981-01-01,480,,1981-01-01,0,Straight-Line,0.1,Factory Equipment,Depreciation,Factory Equipment,Yearly,480,0,,
Equipment - Yr1982,1982-01-01,24663,,1982-01-01,0,Straight-Line,0.1,Factory Equipment,Depreciation,Factory Equipment,Yearly,24663,0,,
Equipment - Yr1983,1983-01-01,1435.5,,1983-01-01,0,Straight-Line,0.1,Factory Equipment,Depreciation,Factory Equipment,Yearly,1435.5,0,,
Equipment - Yr2002,2002-01-01,2256,,2002-01-01,0,Straight-Line,0.1,Factory Equipment,Depreciation,Factory Equipment,Yearly,2256,0,,
Equipment - Yr2003,2003-01-01,11005.5,,2003-01-01,0,Straight-Line,0.1,Factory Equipment,Depreciation,Factory Equipment,Yearly,11005.5,0,,
Equipment - Yr2005,2005-01-01,6880,,2005-01-01,0,Straight-Line,0.1,Factory Equipment,Depreciation,Factory Equipment,Yearly,6880,0,,
Equipment - Yr2006,2006-01-01,14320,,2006-01-01,0,Straight-Line,0.1,Factory Equipment,Depreciation,Factory Equipment,Yearly,14320,0,,
Equipment - Yr2009,2009-01-01,28100,,2009-01-01,0,Straight-Line,0.1,Factory Equipment,Depreciation,Factory Equipment,Yearly,28100,0,,
Farming Equipment - Yr1992,1992-01-01,2450,,1992-01-01,0,Straight-Line,0.1,Farming Equipment,Depreciation,Farming Equipment,Yearly,2450,0,,
Farming Equipment - Yr1993,1993-01-01,125884.24,,1993-01-01,0,Straight-Line,0.1,Farming Equipment,Depreciation,Farming Equipment,Yearly,125884.24,0,,
Farming Equipment - Yr1994,1994-01-01,38445,,1994-01-01,0,Straight-Line,0.1,Farming Equipment,Depreciation,Farming Equipment,Yearly,38445,0,,
Farming Equipment - Yr1995,1995-01-01,37096.3,,1995-01-01,0,Straight-Line,0.1,Farming Equipment,Depreciation,Farming Equipment,Yearly,37096.3,0,,
Farming Equipment - Yr1996,1996-01-01,71099.5,,1996-01-01,0,Straight-Line,0.1,Farming Equipment,Depreciation,Farming Equipment,Yearly,71099.5,0,,
Farming Equipment - Yr1997,1997-01-01,63751.5,,1997-01-01,0,Straight-Line,0.1,Farming Equipment,Depreciation,Farming Equipment,Yearly,63751.5,0,,
Farming Equipment - Yr1998,1998-01-01,78576,,1998-01-01,0,Straight-Line,0.1,Farming Equipment,Depreciation,Farming Equipment,Yearly,78576,0,,
Farming Equipment - Yr1999,1999-01-01,6418,,1999-01-01,0,Straight-Line,0.1,Farming Equipment,Depreciation,Farming Equipment,Yearly,6418,0,,
Farming Equipment - Yr2000,2000-01-01,1380,,2000-01-01,0,Straight-Line,0.1,Farming Equipment,Depreciation,Farming Equipment,Yearly,1380,0,,
Farming Equipment - Yr2001,2001-01-01,12169,,2001-01-01,0,Straight-Line,0.1,Farming Equipment,Depreciation,Farming Equipment,Yearly,12169,0,,
Farming Equipment - Yr2002,2002-01-01,22069,,2002-01-01,0,Straight-Line,0.1,Farming Equipment,Depreciation,Farming Equipment,Yearly,22069,0,,
Farming Equipment - Yr2003,2003-01-01,10326,,2003-01-01,0,Straight-Line,0.1,Farming Equipment,Depreciation,Farming Equipment,Yearly,10326,0,,
Farming Equipment - Yr2004,2004-01-01,21665,,2004-01-01,0,Straight-Line,0.1,Farming Equipment,Depreciation,Farming Equipment,Yearly,21665,0,,
Farming Equipment - Yr2006,2006-01-01,8510,,2006-01-01,0,Straight-Line,0.1,Farming Equipment,Depreciation,Farming Equipment,Yearly,8510,0,,
Farming Equipment - Yr2007,2007-01-01,4400.9,,2007-01-01,0,Straight-Line,0.1,Farming Equipment,Depreciation,Farming Equipment,Yearly,4400.9,0,,
Farming Equipment - Yr2008,2008-01-01,4500,,2008-01-01,0,Straight-Line,0.1,Farming Equipment,Depreciation,Farming Equipment,Yearly,4500,0,,
Farming Equipment - Yr2009,2009-01-01,4100,,2009-01-01,0,Straight-Line,0.1,Farming Equipment,Depreciation,Farming Equipment,Yearly,4100,0,,
Farming Equipment - Yr2010,2010-01-01,39383,,2010-01-01,0,Straight-Line,0.1,Farming Equipment,Depreciation,Farming Equipment,Yearly,39383,0,,
Farming Equipment - Yr2012,2012-01-01,107109.76,,2012-01-01,0,Straight-Line,0.1,Farming Equipment,Depreciation,Farming Equipment,Yearly,107109.76,0,,
Feed Mixer No. 1 - Yr1977,1977-01-01,2772,,1977-01-01,0,Straight-Line,0.1,Plant & Machinery,Depreciation,Plant & Machinery,Yearly,2772,0,,
Feed Mixer No. 1 - Yr1979,1979-01-01,5621,,1979-01-01,0,Straight-Line,0.1,Plant & Machinery,Depreciation,Plant & Machinery,Yearly,5621,0,,
Feed Mixer No. 1 - Yr1980,1980-01-01,3915,,1980-01-01,0,Straight-Line,0.1,Plant & Machinery,Depreciation,Plant & Machinery,Yearly,3915,0,,
Feed Mixer No. 1 - Yr1984,1984-01-01,5170,,1984-01-01,0,Straight-Line,0.1,Plant & Machinery,Depreciation,Plant & Machinery,Yearly,5170,0,,
Feed Mixer No. 2,1993-01-01,16110.75,,1993-01-01,0,Straight-Line,0.1,Plant & Machinery,Depreciation,Plant & Machinery,Yearly,16110.75,0,,
Feed Tank - Yr1983,1983-01-01,9623.02,,1983-01-01,0,Straight-Line,0.1,Factory Equipment,Depreciation,Factory Equipment,Yearly,9623.02,0,,
Feed Tank No. 2,1992-01-01,19000,,1992-01-01,0,Straight-Line,0.1,Factory Equipment,Depreciation,Factory Equipment,Yearly,19000,0,,
Feed Tank No. 3,1993-01-01,38713.55,,1993-01-01,0,Straight-Line,0.1,Factory Equipment,Depreciation,Factory Equipment,Yearly,38713.55,0,,
Feeding System Equipment - Yr1993,1993-01-01,141007.2,,1993-01-01,0,Straight-Line,0.1,Farming Equipment,Depreciation,Farming Equipment,Yearly,141007.2,0,,
Feeding System Equipment - Yr1994,1994-01-01,22197.45,,1994-01-01,0,Straight-Line,0.1,Farming Equipment,Depreciation,Farming Equipment,Yearly,22197.45,0,,
Feeding System Equipment - Yr1995,1995-01-01,101058.1,,1995-01-01,0,Straight-Line,0.1,Farming Equipment,Depreciation,Farming Equipment,Yearly,101058.1,0,,
Feeding System Equipment - Yr1996,1996-01-01,40899,,1996-01-01,0,Straight-Line,0.1,Farming Equipment,Depreciation,Farming Equipment,Yearly,40899,0,,
Feeding System Equipment - Yr1997,1997-01-01,11739.6,,1997-01-01,0,Straight-Line,0.1,Farming Equipment,Depreciation,Farming Equipment,Yearly,11739.6,0,,
Feeding System Equipment - Yr1998,1998-01-01,18468.12,,1998-01-01,0,Straight-Line,0.1,Farming Equipment,Depreciation,Farming Equipment,Yearly,18468.12,0,,
Feeding System Equipment - Yr2000,2000-01-01,1760,,2000-01-01,0,Straight-Line,0.1,Farming Equipment,Depreciation,Farming Equipment,Yearly,1760,0,,
Feeding System Equipment - Yr2002,2002-01-01,11215,,2002-01-01,0,Straight-Line,0.1,Farming Equipment,Depreciation,Farming Equipment,Yearly,11215,0,,
Fowl Cages - Yr1993,1993-01-01,119976.1,,1993-01-01,0,Straight-Line,0.15,Fowl Cages,Depreciation,Fowl Cages,Yearly,119976.1,0,,
Fowl Cages - Yr1994,1994-01-01,74358,,1994-01-01,0,Straight-Line,0.15,Fowl Cages,Depreciation,Fowl Cages,Yearly,74358,0,,
Fowl Cages - Yr1995,1995-01-01,58362.2,,1995-01-01,0,Straight-Line,0.15,Fowl Cages,Depreciation,Fowl Cages,Yearly,58362.2,0,,
Fowl Cages - Yr1996,1996-01-01,112964,,1996-01-01,0,Straight-Line,0.15,Fowl Cages,Depreciation,Fowl Cages,Yearly,112964,0,,
Fowl Cages - Yr1997,1997-01-01,4200,,1997-01-01,0,Straight-Line,0.15,Fowl Cages,Depreciation,Fowl Cages,Yearly,4200,0,,
Fowl Cages - Yr1998,1998-01-01,127414.2,,1998-01-01,0,Straight-Line,0.15,Fowl Cages,Depreciation,Fowl Cages,Yearly,127414.2,0,,
Fowl Cages - Yr1999,1999-01-01,125845.8,,1999-01-01,0,Straight-Line,0.15,Fowl Cages,Depreciation,Fowl Cages,Yearly,125845.8,0,,
Fowl Cages - Yr2000,2000-01-01,8407,,2000-01-01,0,Straight-Line,0.15,Fowl Cages,Depreciation,Fowl Cages,Yearly,8407,0,,
Fowl Cages - Yr2001,2001-01-01,47188.28,,2001-01-01,0,Straight-Line,0.15,Fowl Cages,Depreciation,Fowl Cages,Yearly,47188.28,0,,
Fowl Cages - Yr2002,2002-01-01,30896.1,,2002-01-01,0,Straight-Line,0.15,Fowl Cages,Depreciation,Fowl Cages,Yearly,30896.1,0,,
Fowl Cages - Yr2003,2003-01-01,102593,,2003-01-01,0,Straight-Line,0.15,Fowl Cages,Depreciation,Fowl Cages,Yearly,102593,0,,
Fowl Cages - Yr2004,2004-01-01,128458,,2004-01-01,0,Straight-Line,0.15,Fowl Cages,Depreciation,Fowl Cages,Yearly,128458,0,,
Fowl Cages - Yr2005,2005-01-01,32609.5,,2005-01-01,0,Straight-Line,0.15,Fowl Cages,Depreciation,Fowl Cages,Yearly,32609.5,0,,
Fowl Cages - Yr2006,2006-01-01,153746,,2006-01-01,0,Straight-Line,0.15,Fowl Cages,Depreciation,Fowl Cages,Yearly,153746,0,,
Fowl Cages - Yr2008,2008-01-01,1615,,2008-01-01,0,Straight-Line,0.15,Fowl Cages,Depreciation,Fowl Cages,Yearly,1615,0,,
Fowl Cages - Yr2009,2009-01-01,211.5,,2009-01-01,0,Straight-Line,0.15,Fowl Cages,Depreciation,Fowl Cages,Yearly,211.5,0,,
Fowl Cages - Yr2011,2011-01-01,406420.12,,2011-01-01,0,Straight-Line,0.15,Fowl Cages,Depreciation,Fowl Cages,Yearly,406420.12,0,,
Fowl Cages - Yr2012,2012-01-01,145629,,2012-01-01,0,Straight-Line,0.15,Fowl Cages,Depreciation,Fowl Cages,Yearly,145629,0,,
Fowl Cages - Yr2013,2013-01-01,434729.6,,2013-01-01,0,Straight-Line,0.15,Fowl Cages,Depreciation,Fowl Cages,Yearly,434729.6,0,,
Fowl Cages - Yr2014,2014-01-01,60268.17,,2014-01-01,0,Straight-Line,0.15,Fowl Cages,Depreciation,Fowl Cages,Yearly,60268.17,0,,
Fowl Cages - Yr2015,2015-01-01,32522,,2015-01-01,0,Straight-Line,0.15,Fowl Cages,Depreciation,Fowl Cages,Yearly,32522,0,,
Golden Star Feed Transport Lorry No. 1,2015-01-01,60980,,2015-01-01,0,Straight-Line,0.2,Motor Vehicles,Depreciation,Motor Vehicles,Yearly,60980,0,,
Golden Star Feedmill Machine - Yr2011,2011-01-01,1575475,,2011-01-01,0,Straight-Line,0.1,Plant & Machinery,Depreciation,Plant & Machinery,Yearly,1575475,0,,
Golden Star Feedmill Machine - Yr2012,2012-01-01,310130,,2012-01-01,0,Straight-Line,0.1,Plant & Machinery,Depreciation,Plant & Machinery,Yearly,310130,0,,
Grinding Machine No. 1 - Yr1977,1977-01-01,1525,,1977-01-01,0,Straight-Line,0.1,Plant & Machinery,Depreciation,Plant & Machinery,Yearly,1525,0,,
Grinding Machine No. 1 - Yr1978,1978-01-01,2000,,1978-01-01,0,Straight-Line,0.1,Plant & Machinery,Depreciation,Plant & Machinery,Yearly,2000,0,,
Grinding Machine No. 1 - Yr1980,1980-01-01,6615,,1980-01-01,0,Straight-Line,0.1,Plant & Machinery,Depreciation,Plant & Machinery,Yearly,6615,0,,
Grinding Machine No. 2 - Yr1992,1992-01-01,7200,,1992-01-01,0,Straight-Line,0.1,Plant & Machinery,Depreciation,Plant & Machinery,Yearly,7200,0,,
Honda Ahv9840,2012-01-01,3950,,2012-01-01,0,Straight-Line,0.2,Motor Vehicles,Depreciation,Motor Vehicles,Yearly,3950,0,,
Horizontal Mixer,2001-01-01,50000,,2001-01-01,0,Straight-Line,0.1,Plant & Machinery,Depreciation,Plant & Machinery,Yearly,50000,0,,
Infrastructure (fences) - Yr2010,2010-01-01,79833.05,,2010-01-01,0,Straight-Line,0.1,Infrastructure (fences),Depreciation,Infrastructure (fences),Yearly,79833.05,0,,
Kubota L1801dt-2010 Z751-15728,2012-01-01,9400,,2012-01-01,0,Straight-Line,0.2,Motor Vehicles,Depreciation,Motor Vehicles,Yearly,9400,0,,
Lifting Machine,1977-01-01,5756,,1977-01-01,0,Straight-Line,0.1,Plant & Machinery,Depreciation,Plant & Machinery,Yearly,5756,0,,
Nideka Time Recorder - Yr1997,1997-01-01,1550,,1997-01-01,0,Straight-Line,0.1,Office Equipment,Depreciation,Office Equipment,Yearly,1550,0,,
Nideka Time Recorder - Yr2005,2005-01-01,999,,2005-01-01,0,Straight-Line,0.1,Office Equipment,Depreciation,Office Equipment,Yearly,999,0,,
Nideka Time Recorder - Yr2006,2006-01-01,588,,2006-01-01,0,Straight-Line,0.1,Office Equipment,Depreciation,Office Equipment,Yearly,588,0,,
Nideka Time Recorder Ex9 7,2007-01-01,1630,,2007-01-01,0,Straight-Line,0.1,Office Equipment,Depreciation,Office Equipment,Yearly,1630,0,,
Nissan Lorry AJQ 8136,2014-01-01,141120,,2014-01-01,1,Straight-Line,0.2,Motor Vehicles,Depreciation,Motor Vehicles,Yearly,141120,0,,
Office Furniture - Yr1977,1977-01-01,386.5,,1977-01-01,0,Straight-Line,0.05,Office Furniture,Depreciation,Office Furniture,Yearly,386.5,0,,
Office Furniture - Yr1978,1978-01-01,105,,1978-01-01,0,Straight-Line,0.05,Office Furniture,Depreciation,Office Furniture,Yearly,105,0,,
Office Furniture - Yr1980,1980-01-01,77,,1980-01-01,0,Straight-Line,0.05,Office Furniture,Depreciation,Office Furniture,Yearly,77,0,,
Office Furniture - Yr1981,1981-01-01,35,,1981-01-01,0,Straight-Line,0.05,Office Furniture,Depreciation,Office Furniture,Yearly,35,0,,
Office Furniture - Yr1990,1990-01-01,72,,1990-01-01,0,Straight-Line,0.05,Office Furniture,Depreciation,Office Furniture,Yearly,72,0,,
Office Furniture - Yr1993,1993-01-01,3842.9,,1993-01-01,0,Straight-Line,0.05,Office Furniture,Depreciation,Office Furniture,Yearly,3842.9,0,,
Office Furniture - Yr1994,1994-01-01,185,,1994-01-01,0,Straight-Line,0.05,Office Furniture,Depreciation,Office Furniture,Yearly,185,0,,
Office Furniture - Yr1995,1995-01-01,2120,,1995-01-01,0,Straight-Line,0.05,Office Furniture,Depreciation,Office Furniture,Yearly,2120,0,,
Office Furniture - Yr2000,2000-01-01,1070,,2000-01-01,0,Straight-Line,0.05,Office Furniture,Depreciation,Office Furniture,Yearly,1070,0,,
Office Furniture - Yr2002,2002-01-01,6301,,2002-01-01,0,Straight-Line,0.05,Office Furniture,Depreciation,Office Furniture,Yearly,6301,0,,
Pig Waste Filter Machine - Yr2004,2004-01-01,26000,,2004-01-01,0,Straight-Line,0.1,Farming Equipment,Depreciation,Farming Equipment,Yearly,26000,0,,
Pigsty - Yr1992,1992-01-01,18578.67,,1992-01-01,0,Straight-Line,0.1,Pigsty,Depreciation,Pigsty,Yearly,18578.67,0,,
Pigsty - Yr1993,1993-01-01,243515.73,,1993-01-01,0,Straight-Line,0.1,Pigsty,Depreciation,Pigsty,Yearly,243515.73,0,,
Pigsty - Yr1994,1994-01-01,87206.55,,1994-01-01,0,Straight-Line,0.1,Pigsty,Depreciation,Pigsty,Yearly,87206.55,0,,
Pigsty - Yr1995,1995-01-01,38732.75,,1995-01-01,0,Straight-Line,0.1,Pigsty,Depreciation,Pigsty,Yearly,38732.75,0,,
Pigsty - Yr1996,1996-01-01,34490.1,,1996-01-01,0,Straight-Line,0.1,Pigsty,Depreciation,Pigsty,Yearly,34490.1,0,,
Pigsty - Yr1997,1997-01-01,34355.8,,1997-01-01,0,Straight-Line,0.1,Pigsty,Depreciation,Pigsty,Yearly,34355.8,0,,
Pigsty - Yr2001,2001-01-01,137863.88,,2001-01-01,0,Straight-Line,0.1,Pigsty,Depreciation,Pigsty,Yearly,137863.88,0,,
Pigsty - Yr2002,2002-01-01,258618.65,,2002-01-01,0,Straight-Line,0.1,Pigsty,Depreciation,Pigsty,Yearly,258618.65,0,,
Pigsty - Yr2003,2003-01-01,183149.99,,2003-01-01,0,Straight-Line,0.1,Pigsty,Depreciation,Pigsty,Yearly,183149.99,0,,
Pigsty - Yr2004,2004-01-01,144062.99,,2004-01-01,0,Straight-Line,0.1,Pigsty,Depreciation,Pigsty,Yearly,144062.99,0,,
Pigsty - Yr2005,2005-01-01,99330,,2005-01-01,0,Straight-Line,0.1,Pigsty,Depreciation,Pigsty,Yearly,99330,0,,
Pigsty - Yr2006,2006-01-01,522618.77,,2006-01-01,0,Straight-Line,0.1,Pigsty,Depreciation,Pigsty,Yearly,522618.77,0,,
Pigsty - Yr2008,2008-01-01,93093.54,,2008-01-01,0,Straight-Line,0.1,Pigsty,Depreciation,Pigsty,Yearly,93093.54,0,,
Pigsty - Yr2009,2009-01-01,53119.49,,2009-01-01,0,Straight-Line,0.1,Pigsty,Depreciation,Pigsty,Yearly,53119.49,0,,
Pigsty - Yr2010,2010-01-01,42039.35,,2010-01-01,0,Straight-Line,0.1,Pigsty,Depreciation,Pigsty,Yearly,42039.35,0,,
Pigsty - Yr2011,2011-01-01,12337.8,,2011-01-01,0,Straight-Line,0.1,Pigsty,Depreciation,Pigsty,Yearly,12337.8,0,,
Pigsty - Yr2012,2012-01-01,299306.7,,2012-01-01,0,Straight-Line,0.1,Pigsty,Depreciation,Pigsty,Yearly,299306.7,0,,
Platform Scale,1993-01-01,5000,,1993-01-01,0,Straight-Line,0.1,Plant & Machinery,Depreciation,Plant & Machinery,Yearly,5000,0,,
Poultry Houses - Yr1993,1993-01-01,545801.55,,1993-01-01,0,Straight-Line,0.15,Poultry Houses,Depreciation,Poultry Houses,Yearly,545801.55,0,,
Poultry Houses - Yr1994,1994-01-01,202693.06,,1994-01-01,0,Straight-Line,0.15,Poultry Houses,Depreciation,Poultry Houses,Yearly,202693.06,0,,
Poultry Houses - Yr1995,1995-01-01,504957.14,,1995-01-01,0,Straight-Line,0.15,Poultry Houses,Depreciation,Poultry Houses,Yearly,504957.14,0,,
Poultry Houses - Yr1996,1996-01-01,387568.56,,1996-01-01,0,Straight-Line,0.15,Poultry Houses,Depreciation,Poultry Houses,Yearly,387568.56,0,,
Poultry Houses - Yr1997,1997-01-01,358970.61,,1997-01-01,0,Straight-Line,0.15,Poultry Houses,Depreciation,Poultry Houses,Yearly,358970.61,0,,
Poultry Houses - Yr1998,1998-01-01,385878.66,,1998-01-01,0,Straight-Line,0.15,Poultry Houses,Depreciation,Poultry Houses,Yearly,385878.66,0,,
Poultry Houses - Yr1999,1999-01-01,285624.21,,1999-01-01,0,Straight-Line,0.15,Poultry Houses,Depreciation,Poultry Houses,Yearly,285624.21,0,,
Poultry Houses - Yr2000,2000-01-01,246350.91,,2000-01-01,0,Straight-Line,0.15,Poultry Houses,Depreciation,Poultry Houses,Yearly,246350.91,0,,
Poultry Houses - Yr2001,2001-01-01,179182.3,,2001-01-01,0,Straight-Line,0.15,Poultry Houses,Depreciation,Poultry Houses,Yearly,179182.3,0,,
Poultry Houses - Yr2002,2002-01-01,198066,,2002-01-01,0,Straight-Line,0.15,Poultry Houses,Depreciation,Poultry Houses,Yearly,198066,0,,
Poultry Houses - Yr2003,2003-01-01,583601.19,,2003-01-01,0,Straight-Line,0.15,Poultry Houses,Depreciation,Poultry Houses,Yearly,583601.19,0,,
Poultry Houses - Yr2004,2004-01-01,626400.97,,2004-01-01,0,Straight-Line,0.15,Poultry Houses,Depreciation,Poultry Houses,Yearly,626400.97,0,,
Poultry Houses - Yr2005,2005-01-01,53146,,2005-01-01,0,Straight-Line,0.15,Poultry Houses,Depreciation,Poultry Houses,Yearly,53146,0,,
Poultry Houses - Yr2006,2006-01-01,44426,,2006-01-01,0,Straight-Line,0.15,Poultry Houses,Depreciation,Poultry Houses,Yearly,44426,0,,
Poultry Houses - Yr2007,2007-01-01,45157.9,,2007-01-01,0,Straight-Line,0.15,Poultry Houses,Depreciation,Poultry Houses,Yearly,45157.9,0,,
Poultry Houses - Yr2011,2011-01-01,1192054.41,,2011-01-01,0,Straight-Line,0.15,Poultry Houses,Depreciation,Poultry Houses,Yearly,1192054.41,0,,
Poultry Houses - Yr2012,2012-01-01,2413116.79,,2012-01-01,0,Straight-Line,0.15,Poultry Houses,Depreciation,Poultry Houses,Yearly,2413116.79,0,,
Poultry Houses - Yr2013,2013-01-01,863983.4,,2013-01-01,0,Straight-Line,0.15,Poultry Houses,Depreciation,Poultry Houses,Yearly,863983.4,0,,
Poultry Houses - Yr2014,2014-01-01,44723,,2014-01-01,0,Straight-Line,0.15,Poultry Houses,Depreciation,Poultry Houses,Yearly,44723,0,,
Poultry Houses - Yr2015,2015-01-01,292794.74,,2015-01-01,0,Straight-Line,0.15,Poultry Houses,Depreciation,Poultry Houses,Yearly,292794.74,0,,
Refrigerator - Yr1998,1998-01-01,2900,,1998-01-01,0,Straight-Line,0.1,Office Equipment,Depreciation,Office Equipment,Yearly,2900,0,,
Refrigerator - Yr2005,2005-01-01,1370,,2005-01-01,0,Straight-Line,0.1,Office Equipment,Depreciation,Office Equipment,Yearly,1370,0,,
Sewing Machine - Yr1977,1977-01-01,633,,1977-01-01,0,Straight-Line,0.1,Plant & Machinery,Depreciation,Plant & Machinery,Yearly,633,0,,
Sewing Machine - Yr1980,1980-01-01,1970,,1980-01-01,0,Straight-Line,0.1,Plant & Machinery,Depreciation,Plant & Machinery,Yearly,1970,0,,
Sewing Machine - Yr1984,1984-01-01,1232.2,,1984-01-01,0,Straight-Line,0.1,Plant & Machinery,Depreciation,Plant & Machinery,Yearly,1232.2,0,,
Sewing Machine - Yr1985,1985-01-01,1030,,1985-01-01,0,Straight-Line,0.1,Plant & Machinery,Depreciation,Plant & Machinery,Yearly,1030,0,,
Sewing Machine - Yr1993,1993-01-01,1680,,1993-01-01,0,Straight-Line,0.1,Plant & Machinery,Depreciation,Plant & Machinery,Yearly,1680,0,,
Sieving Machine No. 1,1981-01-01,2829.99,,1981-01-01,0,Straight-Line,0.1,Plant & Machinery,Depreciation,Plant & Machinery,Yearly,2829.99,0,,
Sieving Machine No. 2,1982-01-01,15750,,1982-01-01,0,Straight-Line,0.1,Plant & Machinery,Depreciation,Plant & Machinery,Yearly,15750,0,,
Sieving Machine No. 3,1983-01-01,11280,,1983-01-01,0,Straight-Line,0.1,Plant & Machinery,Depreciation,Plant & Machinery,Yearly,11280,0,,
Software - Yr2007,2007-01-01,5444.6,,2007-01-01,0,Straight-Line,0.2,Software,Depreciation,Software,Yearly,5444.6,0,,
Stainless Steel Water Tank - Yr2003,2003-01-01,10000,,2003-01-01,0,Straight-Line,0.1,Farming Equipment,Depreciation,Farming Equipment,Yearly,10000,0,,
Talkman Md59mb Telephone,1995-01-01,1650,,1995-01-01,0,Straight-Line,0.1,Office Equipment,Depreciation,Office Equipment,Yearly,1650,0,,
Toyota Hilux Aha3328,2009-01-01,94800,,2009-01-01,1,Straight-Line,0.2,Motor Vehicles,Depreciation,Motor Vehicles,Yearly,94800,0,,
Vaccum Cleaner - Yr1996,1996-01-01,2100,,1996-01-01,0,Straight-Line,0.1,Office Equipment,Depreciation,Office Equipment,Yearly,2100,0,,
Water Pump - Yr1993,1993-01-01,1721,,1993-01-01,0,Straight-Line,0.1,Plant & Machinery,Depreciation,Plant & Machinery,Yearly,1721,0,,
Water Pump - Yr1994,1994-01-01,6000,,1994-01-01,0,Straight-Line,0.1,Plant & Machinery,Depreciation,Plant & Machinery,Yearly,6000,0,,
Water Pump - Yr1995,1995-01-01,4540,,1995-01-01,0,Straight-Line,0.1,Plant & Machinery,Depreciation,Plant & Machinery,Yearly,4540,0,,
Water Pump - Yr1997,1997-01-01,1405,,1997-01-01,0,Straight-Line,0.1,Plant & Machinery,Depreciation,Plant & Machinery,Yearly,1405,0,,
Water Pump - Yr1998,1998-01-01,2400,,1998-01-01,0,Straight-Line,0.1,Plant & Machinery,Depreciation,Plant & Machinery,Yearly,2400,0,,
Water Pump - Yr2009,2009-01-01,5060,,2009-01-01,0,Straight-Line,0.1,Plant & Machinery,Depreciation,Plant & Machinery,Yearly,5060,0,,
Water Supply Equipment - Yr1992,1992-01-01,933.95,,1992-01-01,0,Straight-Line,0.1,Farming Equipment,Depreciation,Farming Equipment,Yearly,933.95,0,,
Water Supply Equipment - Yr1993,1993-01-01,23305.27,,1993-01-01,0,Straight-Line,0.1,Farming Equipment,Depreciation,Farming Equipment,Yearly,23305.27,0,,
Water Supply Equipment - Yr1994,1994-01-01,23885.8,,1994-01-01,0,Straight-Line,0.1,Farming Equipment,Depreciation,Farming Equipment,Yearly,23885.8,0,,
Water Supply Equipment - Yr1995,1995-01-01,49310.9,,1995-01-01,0,Straight-Line,0.1,Farming Equipment,Depreciation,Farming Equipment,Yearly,49310.9,0,,
Water Supply Equipment - Yr1996,1996-01-01,9873.55,,1996-01-01,0,Straight-Line,0.1,Farming Equipment,Depreciation,Farming Equipment,Yearly,9873.55,0,,
Water Supply Equipment - Yr1997,1997-01-01,7298.3,,1997-01-01,0,Straight-Line,0.1,Farming Equipment,Depreciation,Farming Equipment,Yearly,7298.3,0,,
Water Supply Equipment - Yr2000,2000-01-01,16000,,2000-01-01,0,Straight-Line,0.1,Farming Equipment,Depreciation,Farming Equipment,Yearly,16000,0,,
Water Supply Equipment - Yr2001,2001-01-01,1753.61,,2001-01-01,0,Straight-Line,0.1,Farming Equipment,Depreciation,Farming Equipment,Yearly,1753.61,0,,
Water Supply Equipment - Yr2002,2002-01-01,56443.4,,2002-01-01,0,Straight-Line,0.1,Farming Equipment,Depreciation,Farming Equipment,Yearly,56443.4,0,,
Water Supply Equipment - Yr2003,2003-01-01,57300,,2003-01-01,0,Straight-Line,0.1,Farming Equipment,Depreciation,Farming Equipment,Yearly,57300,0,,
Water Supply Equipment - Yr2004,2004-01-01,12586,,2004-01-01,0,Straight-Line,0.1,Farming Equipment,Depreciation,Farming Equipment,Yearly,12586,0,,
Water Supply Equipment - Yr2005,2005-01-01,88876,,2005-01-01,0,Straight-Line,0.1,Farming Equipment,Depreciation,Farming Equipment,Yearly,88876,0,,
Water Supply Equipment - Yr2006,2006-01-01,71038.1,,2006-01-01,0,Straight-Line,0.1,Farming Equipment,Depreciation,Farming Equipment,Yearly,71038.1,0,,
Water Supply Equipment - Yr2007,2007-01-01,2000,,2007-01-01,0,Straight-Line,0.1,Farming Equipment,Depreciation,Farming Equipment,Yearly,2000,0,,
Water Supply Equipment - Yr2008,2008-01-01,4140,,2008-01-01,0,Straight-Line,0.1,Farming Equipment,Depreciation,Farming Equipment,Yearly,4140,0,,
Water Supply Equipment - Yr2009,2009-01-01,2746.5,,2009-01-01,0,Straight-Line,0.1,Farming Equipment,Depreciation,Farming Equipment,Yearly,2746.5,0,,
Water Supply Equipment - Yr2010,2010-01-01,14495,,2010-01-01,0,Straight-Line,0.1,Farming Equipment,Depreciation,Farming Equipment,Yearly,14495,0,,
Water Supply Equipment - Yr2011,2011-01-01,2400,,2011-01-01,0,Straight-Line,0.1,Farming Equipment,Depreciation,Farming Equipment,Yearly,2400,0,,
Welding Machine,1993-01-01,8305.45,,1993-01-01,0,Straight-Line,0.1,Plant & Machinery,Depreciation,Plant & Machinery,Yearly,8305.45,0,,
Bison Lorry AKJ 9266,2016-01-01,44775,,2016-01-01,1,Straight-Line,0.2,Motor Vehicles,Depreciation,Motor Vehicles,Yearly,44774,1,,
Egg Grading Machine No. 4,2002-01-01,574693,,2002-01-01,1,Straight-Line,0.1,Plant & Machinery,Depreciation,Plant & Machinery,Yearly,574692,1,,
Egg Grading Machine No. 5,2012-01-01,739000,,2012-01-01,1,Straight-Line,0.1,Plant & Machinery,Depreciation,Plant & Machinery,Yearly,738999,1,,
Ford 5000 tractor-PP4017,2013-01-01,3400,,2013-01-01,1,Straight-Line,0.2,Motor Vehicles,Depreciation,Motor Vehicles,Yearly,3399,1,,
Forklift 608fd25-30224,2009-01-01,66000,,2009-01-01,1,Straight-Line,0.2,Motor Vehicles,Depreciation,Motor Vehicles,Yearly,65999,1,,
Forklift No. 3 (wah 3417),1993-01-01,18000,,1993-01-01,1,Straight-Line,0.2,Motor Vehicles,Depreciation,Motor Vehicles,Yearly,17999,1,,
Grading Alarm System,2007-01-01,5971,,2007-01-01,1,Straight-Line,0.1,Electrical Installation,Depreciation,Electrical Installation,Yearly,5970,1,,
Hino Lorry Aga7236,2007-01-01,102380,,2007-01-01,1,Straight-Line,0.2,Motor Vehicles,Depreciation,Motor Vehicles,Yearly,102379,1,,
Hino Lorry Aga7266,2007-01-01,102380,,2007-01-01,1,Straight-Line,0.2,Motor Vehicles,Depreciation,Motor Vehicles,Yearly,102379,1,,
Honda Aeb 5118,2000-01-01,4578,,2000-01-01,1,Straight-Line,0.2,Motor Vehicles,Depreciation,Motor Vehicles,Yearly,4577,1,,
Honda Agq7491,2008-01-01,3700,,2008-01-01,1,Straight-Line,0.2,Motor Vehicles,Depreciation,Motor Vehicles,Yearly,3699,1,,
Honda Agq7501,2008-01-01,3700,,2008-01-01,1,Straight-Line,0.2,Motor Vehicles,Depreciation,Motor Vehicles,Yearly,3699,1,,
Honda AJL 248,2013-01-01,4200,,2013-01-01,1,Straight-Line,0.2,Motor Vehicles,Depreciation,Motor Vehicles,Yearly,4199,1,,
Isuzu Lorry AJN 6398,2013-01-01,211524.92,,2013-01-01,1,Straight-Line,0.2,Motor Vehicles,Depreciation,Motor Vehicles,Yearly,211523.92,1,,
KUBOTA 54547/54559,2015-01-01,10274,,2015-01-01,1,Straight-Line,0.2,Motor Vehicles,Depreciation,Motor Vehicles,Yearly,10273,1,,
Kubota L1801 2851-08894,2010-01-01,9000,,2010-01-01,1,Straight-Line,0.2,Motor Vehicles,Depreciation,Motor Vehicles,Yearly,8999,1,,
Kubota Tractor L 1501 109608,2003-01-01,3500,,2003-01-01,1,Straight-Line,0.2,Motor Vehicles,Depreciation,Motor Vehicles,Yearly,3499,1,,
Kubota Tractor L1500-14275,2004-01-01,4500,,2004-01-01,1,Straight-Line,0.2,Motor Vehicles,Depreciation,Motor Vehicles,Yearly,4499,1,,
Kubota Tractor L1500-32656,2004-01-01,4500,,2004-01-01,1,Straight-Line,0.2,Motor Vehicles,Depreciation,Motor Vehicles,Yearly,4499,1,,
Kubota Tractor L1500-51575,2004-01-01,5000,,2004-01-01,1,Straight-Line,0.2,Motor Vehicles,Depreciation,Motor Vehicles,Yearly,4999,1,,
Kubota Tractor L1500-51575a,2004-01-01,5000,,2004-01-01,1,Straight-Line,0.2,Motor Vehicles,Depreciation,Motor Vehicles,Yearly,4999,1,,
Kubota Tractor L1501-113398,2004-01-01,5400,,2004-01-01,1,Straight-Line,0.2,Motor Vehicles,Depreciation,Motor Vehicles,Yearly,5399,1,,
Kubuta Tractor,1998-01-01,5450,,1998-01-01,1,Straight-Line,0.2,Motor Vehicles,Depreciation,Motor Vehicles,Yearly,5449,1,,
Lexus NX200T AKF868,2015-01-01,298762.72,,2015-01-01,1,Straight-Line,0.2,Motor Vehicles,Depreciation,Motor Vehicles,Yearly,298761.72,1,,
Lexus RX350 AKH868,2016-01-01,423737.9,,2016-01-01,1,Straight-Line,0.2,Motor Vehicles,Depreciation,Motor Vehicles,Yearly,423736.9,1,,
Lorry Acb 1938,1992-01-01,36981.12,,1992-01-01,1,Straight-Line,0.2,Motor Vehicles,Depreciation,Motor Vehicles,Yearly,36980.12,1,,
Lorry Adw 7236,1999-01-01,56000,,1999-01-01,1,Straight-Line,0.2,Motor Vehicles,Depreciation,Motor Vehicles,Yearly,55999,1,,
Lorry Aew 7236,2003-01-01,72698.32,,2003-01-01,1,Straight-Line,0.2,Motor Vehicles,Depreciation,Motor Vehicles,Yearly,72697.32,1,,
Nissan Lorry AKC 8136,2015-01-01,126851,,2015-01-01,1,Straight-Line,0.2,Motor Vehicles,Depreciation,Motor Vehicles,Yearly,126850,1,,
Nissan Lorry Wtd 3376,2009-01-01,112650,,2009-01-01,1,Straight-Line,0.2,Motor Vehicles,Depreciation,Motor Vehicles,Yearly,112649,1,,
Nissan Lorry Wur6676,2010-01-01,247843.2,,2010-01-01,1,Straight-Line,0.2,Motor Vehicles,Depreciation,Motor Vehicles,Yearly,247842.2,1,,
Pajero Sport AJL8136,2013-01-01,185554.1,,2013-01-01,1,Straight-Line,0.2,Motor Vehicles,Depreciation,Motor Vehicles,Yearly,185553.1,1,,
Pejero Ack 3118,1993-01-01,90750.58,,1993-01-01,1,Straight-Line,0.2,Motor Vehicles,Depreciation,Motor Vehicles,Yearly,90749.58,1,,
Pig Waste Filter Machine - Yr2005,2005-01-01,4000,,2005-01-01,1,Straight-Line,0.1,Farming Equipment,Depreciation,Farming Equipment,Yearly,3999,1,,
Stainless Steel Water Tank - Yr2004,2004-01-01,13000,,2004-01-01,1,Straight-Line,0.1,Farming Equipment,Depreciation,Farming Equipment,Yearly,12999,1,,
Surveillance System,2008-01-01,9072,,2008-01-01,1,Straight-Line,0.2,Electrical Installation,Depreciation,Electrical Installation,Yearly,9071,1,,
Suzuki Jeep Aax 5002,1996-01-01,14000,,1996-01-01,1,Straight-Line,0.2,Motor Vehicles,Depreciation,Motor Vehicles,Yearly,13999,1,,
Swam Air Compressior 1,2007-01-01,2500,,2007-01-01,1,Straight-Line,0.1,Farming Equipment,Depreciation,Farming Equipment,Yearly,2499,1,,
Swan Air Compressior,2002-01-01,2400,,2002-01-01,1,Straight-Line,0.1,Farming Equipment,Depreciation,Farming Equipment,Yearly,2399,1,,
Toyota 62-7fd30,2005-01-01,83060,,2005-01-01,1,Straight-Line,0.2,Motor Vehicles,Depreciation,Motor Vehicles,Yearly,83059,1,,
Toyota Forklift Adh 9522,1997-01-01,69060,,1997-01-01,1,Straight-Line,0.2,Motor Vehicles,Depreciation,Motor Vehicles,Yearly,69059,1,,
Toyota Forklift No. 1 (wah 8123),1978-01-01,31500,,1978-01-01,1,Straight-Line,0.2,Motor Vehicles,Depreciation,Motor Vehicles,Yearly,31499,1,,
Toyota Forklift No. 2 (wah 6783),1978-01-01,31500,,1978-01-01,1,Straight-Line,0.2,Motor Vehicles,Depreciation,Motor Vehicles,Yearly,31499,1,,
Toyota Fortuner Ahe6328,2010-01-01,176900,,2010-01-01,1,Straight-Line,0.2,Motor Vehicles,Depreciation,Motor Vehicles,Yearly,176899,1,,
Toyota Fortuner AKB6318,2015-01-01,155215.2,,2015-01-01,1,Straight-Line,0.2,Motor Vehicles,Depreciation,Motor Vehicles,Yearly,155214.2,1,,
Toyota Hilux Agx8179,2009-01-01,90000,,2009-01-01,1,Straight-Line,0.2,Motor Vehicles,Depreciation,Motor Vehicles,Yearly,89999,1,,
Tractor Bucket,2013-01-01,1000,,2013-01-01,1,Straight-Line,0.2,Motor Vehicles,Depreciation,Motor Vehicles,Yearly,999,1,,
Triton AHL6329,2011-01-01,96694.57,,2011-01-01,1,Straight-Line,0.2,Motor Vehicles,Depreciation,Motor Vehicles,Yearly,96693.57,1,,
Volvo XC90 T8 AKK9888,2016-01-01,392567.05,,2016-01-01,1,Straight-Line,0.2,Motor Vehicles,Depreciation,Motor Vehicles,Yearly,392566.05,1,,
Water Pump - Yr2010,2010-01-01,700,,2010-01-01,0,Straight-Line,0.1,Plant & Machinery,Depreciation,Plant & Machinery,Yearly,699,1,,
Office Furniture - Yr2003,2003-01-01,95,,2003-01-01,0,Straight-Line,0.05,Office Furniture,Depreciation,Office Furniture,Yearly,90.25,4.75,18,-4.75
Office Furniture - Yr2004,2004-01-01,1340,,2004-01-01,0,Straight-Line,0.05,Office Furniture,Depreciation,Office Furniture,Yearly,1206,134,17,-66.9999999999998
Office Furniture - Yr2005,2005-01-01,1140,,2005-01-01,0,Straight-Line,0.05,Office Furniture,Depreciation,Office Furniture,Yearly,969,171,16,-57
Water Pump - Yr2014,2014-01-01,1140,,2014-01-01,1,Straight-Line,0.1,Plant & Machinery,Depreciation,Plant & Machinery,Yearly,912,228,7,-114
Office Furniture - Yr2006,2006-01-01,1308,,2006-01-01,0,Straight-Line,0.05,Office Furniture,Depreciation,Office Furniture,Yearly,1046.4,261.6,15,-65.4000000000001
Store And Office Building - Yr1994,1994-01-01,800,,1994-01-01,0,Straight-Line,0.02,Store And Office Building,Depreciation,Store And Office Building,Yearly,448,352,27,-16
Poultry Houses - Yr2016,2016-01-01,3984,,2016-01-01,0,Straight-Line,0.15,Poultry Houses,Depreciation,Poultry Houses,Yearly,3585.6,398.4,5,-597.6
Store And Office Building - Yr2014,2014-01-01,600,,2014-01-01,1,Straight-Line,0.02,Store And Office Building,Depreciation,Store And Office Building,Yearly,96,504,7,-12
Office Furniture - Yr2015,2015-01-01,940,,2015-01-01,0,Straight-Line,0.05,Office Furniture,Depreciation,Office Furniture,Yearly,329,611,6,-46.9999999999999
Software - Yr2016,2016-01-01,4819.11,,2016-01-01,0,Straight-Line,0.2,Software,Depreciation,Software,Yearly,3855.28,963.829999999999,5,963.829999999999
Factory Building - Yr2012,2012-01-01,1250,,2012-01-01,0,Straight-Line,0.02,Factory Building,Depreciation,Factory Building,Yearly,250,1000,9,-25
Refrigerator - Yr2015,2015-01-01,3620,,2015-01-01,0,Straight-Line,0.1,Office Equipment,Depreciation,Office Equipment,Yearly,2534,1086,6,-362
Office Furniture - Yr2009,2009-01-01,3338,,2009-01-01,0,Straight-Line,0.05,Office Furniture,Depreciation,Office Furniture,Yearly,2169.7,1168.3,12,-166.899999999999
Water Supply Equipment - Yr2013,2013-01-01,11841,,2013-01-01,0,Straight-Line,0.1,Farming Equipment,Depreciation,Farming Equipment,Yearly,10656.9,1184.1,8,-1184.1
Refrigerator - Yr2021,2021-01-01,1750,,2021-01-01,1,Straight-Line,0.1,Office Equipment,Depreciation,Office Equipment,Yearly,175,1575,0,-175
ALM6294 Honda Motorcycle,2019-01-01,4250,,2019-01-01,1,Straight-Line,0.2,Motor Vehicles,Depreciation,Motor Vehicles,Yearly,2550,1700,2,-850
Factory Building - Yr1977,1977-01-01,18833.99,,1977-01-01,0,Straight-Line,0.02,Factory Building,Depreciation,Factory Building,Yearly,16950.6,1883.39,44,-376.688799999996
Software - Yr2019,2019-01-01,2431.79,,2019-01-01,0,Straight-Line,0.2,Software,Depreciation,Software,Yearly,486.36,1945.43,2,486.356
Office Furniture - Yr2014,2014-01-01,3550,,2014-01-01,0,Straight-Line,0.05,Office Furniture,Depreciation,Office Furniture,Yearly,1420,2130,7,-177.5
Software - Yr2018,2018-01-01,5113.09,,2018-01-01,0,Straight-Line,0.2,Software,Depreciation,Software,Yearly,2045.24,3067.85,3,1022.614
Office Furniture - Yr2018,2018-01-01,4147,,2018-01-01,0,Straight-Line,0.05,Office Furniture,Depreciation,Office Furniture,Yearly,829.4,3317.6,3,-207.35
Factory Building - Yr1978,1978-01-01,30000,,1978-01-01,0,Straight-Line,0.02,Factory Building,Depreciation,Factory Building,Yearly,26400,3600,43,-600
Pigsty - Yr2007,2007-01-01,378472.26,,2007-01-01,0,Straight-Line,0.1,Pigsty,Depreciation,Pigsty,Yearly,373972.26,4500,14,155888.904
Infrastructure (fences) - Yr2015,2015-01-01,16160,,2015-01-01,0,Straight-Line,0.1,Infrastructure (fences),Depreciation,Infrastructure (fences),Yearly,11312,4848,6,-1616
Office Furniture - Yr2008,2008-01-01,16650,,2008-01-01,0,Straight-Line,0.05,Office Furniture,Depreciation,Office Furniture,Yearly,11655,4995,13,-832.5
Office Furniture - Yr2022,2022-01-01,5754,,2022-01-01,1,Straight-Line,0.05,Office Furniture,Depreciation,Office Furniture,Yearly,0,5754,-1,-287.7
Infrastructure (fences) - Yr2016,2016-01-01,14400,,2016-01-01,1,Straight-Line,0.1,Infrastructure (fences),Depreciation,Infrastructure (fences),Yearly,8640,5760,5,-1440
Poultry Houses - Yr2019,2019-01-01,11262,,2019-01-01,1,Straight-Line,0.15,Poultry Houses,Depreciation,Poultry Houses,Yearly,5067.9,6194.1,2,-1689.3
Electrical Installation - Yr2013,2013-01-01,70881,,2013-01-01,1,Straight-Line,0.1,Electrical Installation,Depreciation,Electrical Installation,Yearly,63792.9,7088.1,8,-7088.1
Water Supply Equipment - Yr2017,2017-01-01,15800,,2017-01-01,1,Straight-Line,0.1,Farming Equipment,Depreciation,Farming Equipment,Yearly,7900,7900,4,-1580
Office Furniture - Yr2017,2017-01-01,11600,,2017-01-01,0,Straight-Line,0.05,Office Furniture,Depreciation,Office Furniture,Yearly,2900,8700,4,-580
Factory Building - Yr2011,2011-01-01,12791,,2011-01-01,0,Straight-Line,0.02,Factory Building,Depreciation,Factory Building,Yearly,2814.02,9976.98,10,-255.82
Golden Star Premix Machine,2014-01-01,57256,,2014-01-01,1,Straight-Line,0.1,Plant & Machinery,Depreciation,Plant & Machinery,Yearly,45804.8,11451.2,7,-5725.6
Store And Office Building - Yr1996,1996-01-01,24668.1,,1996-01-01,0,Straight-Line,0.02,Store And Office Building,Depreciation,Store And Office Building,Yearly,12827.36,11840.74,25,-493.310000000001
Bison Lorry ALA 3685,2018-01-01,69385,,2018-01-01,1,Straight-Line,0.2,Motor Vehicles,Depreciation,Motor Vehicles,Yearly,55508,13877,3,-13877
Store And Office Building - Yr1993,1993-01-01,45414.89,,1993-01-01,0,Straight-Line,0.02,Store And Office Building,Depreciation,Store And Office Building,Yearly,26340.7,19074.19,28,-908.3616
Electrical Installation - Yr2012,2012-01-01,52001,,2012-01-01,0,Straight-Line,0.1,Electrical Installation,Depreciation,Electrical Installation,Yearly,31371.4,20629.6,9,15429.5
Factory Building - Yr2008,2008-01-01,29055.96,,2008-01-01,0,Straight-Line,0.02,Factory Building,Depreciation,Factory Building,Yearly,8135.68,20920.28,13,-581.1304
Factory Building - Yr2005,2005-01-01,36722.61,,2005-01-01,0,Straight-Line,0.02,Factory Building,Depreciation,Factory Building,Yearly,13220.1,23502.51,16,-1468.8648
Water Supply Equipment - Yr2016,2016-01-01,63203,,2016-01-01,0,Straight-Line,0.1,Farming Equipment,Depreciation,Farming Equipment,Yearly,37921.8,25281.2,5,-6320.3
Golden Star Feed Transport Lorry No. 2,2019-01-01,69500,,2019-01-01,1,Straight-Line,0.2,Motor Vehicles,Depreciation,Motor Vehicles,Yearly,41700,27800,2,-13900
Factory Building - Yr1987,1987-01-01,104486.1,,1987-01-01,0,Straight-Line,0.02,Factory Building,Depreciation,Factory Building,Yearly,73140.2,31345.9,34,-2089.65199999999
Water Supply Equipment - Yr2015,2015-01-01,127732.44,,2015-01-01,0,Straight-Line,0.1,Farming Equipment,Depreciation,Farming Equipment,Yearly,89412.68,38319.76,6,-12773.216
Factory Building - Yr2000,2000-01-01,72465.76,,2000-01-01,0,Straight-Line,0.02,Factory Building,Depreciation,Factory Building,Yearly,31885.04,40580.72,21,-1449.4208
Pigsty - Yr2014,2014-01-01,212638.94,,2014-01-01,0,Straight-Line,0.1,Pigsty,Depreciation,Pigsty,Yearly,170111.12,42527.82,7,-21263.862
Pigsty - Yr2013,2013-01-01,446247.9,,2013-01-01,0,Straight-Line,0.1,Pigsty,Depreciation,Pigsty,Yearly,401623.11,44624.79,8,-44624.7899999999
Anarobic Baffled Reactor - Yr2017,2017-01-01,92898,,2017-01-01,1,Straight-Line,0.1,Anarobic Baffled Reactor,Depreciation,Anarobic Baffled Reactor,Yearly,46449,46449,4,-9289.8
Factory Building - Yr2016,2016-01-01,59070,,2016-01-01,1,Straight-Line,0.02,Factory Building,Depreciation,Factory Building,Yearly,7088.4,51981.6,5,-1181.4
Toyota Hilux ALK 6329,2019-01-01,130382.76,,2019-01-01,1,Straight-Line,0.2,Motor Vehicles,Depreciation,Motor Vehicles,Yearly,78229.65,52153.11,2,-26076.546
Anarobic Baffled Reactor - Yr2014,2014-01-01,262906.91,,2014-01-01,0,Straight-Line,0.1,Anarobic Baffled Reactor,Depreciation,Anarobic Baffled Reactor,Yearly,210325.52,52581.39,7,-26290.683
Toyota Forklift 608FDJ35-75598,2020-01-01,98000,,2020-01-01,1,Straight-Line,0.2,Motor Vehicles,Depreciation,Motor Vehicles,Yearly,39200,58800,1,-19600
Factory Building - Yr2009,2009-01-01,86073.8,,2009-01-01,0,Straight-Line,0.02,Factory Building,Depreciation,Factory Building,Yearly,22379.24,63694.56,12,-1721.528
Factory Building - Yr2002,2002-01-01,112743.98,,2002-01-01,0,Straight-Line,0.02,Factory Building,Depreciation,Factory Building,Yearly,45097.6,67646.38,19,-2254.8876
Hino Lorry Ahd6676,2010-01-01,161550,,2010-01-01,1,Straight-Line,0.2,Motor Vehicles,Depreciation,Motor Vehicles,Yearly,93730,67820,11,261680
Pigsty - Yr2015,2015-01-01,255328.96,,2015-01-01,0,Straight-Line,0.1,Pigsty,Depreciation,Pigsty,Yearly,178730.3,76598.66,6,-25532.924
TATA Lorry ALT6138,2021-01-01,104450,,2021-01-01,1,Straight-Line,0.2,Motor Vehicles,Depreciation,Motor Vehicles,Yearly,20890,83560,0,-20890
Factory Building - Yr2015,2015-01-01,130361.62,,2015-01-01,0,Straight-Line,0.02,Factory Building,Depreciation,Factory Building,Yearly,18250.61,112111.01,6,-2607.2156
Factory Building - Yr2006,2006-01-01,220202.59,,2006-01-01,0,Straight-Line,0.02,Factory Building,Depreciation,Factory Building,Yearly,70464.8,149737.79,15,-4404.023
Factory Building - Yr2001,2001-01-01,637733.12,,2001-01-01,0,Straight-Line,0.02,Factory Building,Depreciation,Factory Building,Yearly,267847.86,369885.26,20,-12754.612
Pigsty - Yr2022,2022-01-01,442316.55,,2022-01-01,1,Straight-Line,0.1,Pigsty,Depreciation,Pigsty,Yearly,0,442316.55,-1,-44231.655
Pigsty - Yr2021,2021-01-01,583301.47,,2021-01-01,0,Straight-Line,0.1,Pigsty,Depreciation,Pigsty,Yearly,58330.15,524971.32,0,-58330.15
Pigsty - Yr2016,2016-01-01,1570124.52,,2016-01-01,0,Straight-Line,0.1,Pigsty,Depreciation,Pigsty,Yearly,942074.7,628049.82,5,-157012.44
Pigsty - Yr2018,2018-01-01,1097343.64,,2018-01-01,0,Straight-Line,0.1,Pigsty,Depreciation,Pigsty,Yearly,438937.44,658406.2,3,-109734.348
Pigsty - Yr2020,2020-01-01,853407.1,,2020-01-01,0,Straight-Line,0.1,Pigsty,Depreciation,Pigsty,Yearly,170681.42,682725.68,1,-85340.71
Factory Building - Yr2010,2010-01-01,936477.73,,2010-01-01,0,Straight-Line,0.02,Factory Building,Depreciation,Factory Building,Yearly,224754.6,711723.13,11,-18729.4994
Pigsty - Yr2017,2017-01-01,1378759.93,,2017-01-01,0,Straight-Line,0.1,Pigsty,Depreciation,Pigsty,Yearly,651995.95,726763.98,4,-100491.978
Pigsty - Yr2019,2019-01-01,1242601.02,,2019-01-01,0,Straight-Line,0.1,Pigsty,Depreciation,Pigsty,Yearly,380226.78,862374.24,2,248520.204
,,,,,,,,,,,,,,,
,,248520.204,,,,,,,,,,,,,
,,-994080.816,,,,,,,,,,,,,
